20260412-144411,kvm2_ruptur_db_data,oracle-test,9420c522acc845814faf4f58bf00f1e86d7f0ceb21ee75f00f12dd9e9d333ab9
20260412-144609,kvm2_baileys_data,oracle-test,bb4c20f5730f598861641ae4b025c431a866b2c26f7ef6a1a70b1a0b9a0d3bf0
20260412-144617,kvm2_traefik_letsencrypt,oracle-test,37cdc24117f87e18fb54cb84e438e29a99447b2f3623cb7de1aeab6004fd9eaf
20260412-144620,kvm2_warmup_runtime_data,oracle-test,8227c237ff3a72de2a7e77ec08476bf4218ae70753a2b50884ed64d7ad6e7e88
20260412-144623,kvm2_whisper_models,oracle-test,c311299c1bac46df67dae64c1f11e340fa1e468019bcb1ad603b254544039d0b
20260412-144626,n8n_n8n_data,oracle-test,b72e58549f9a48f6d21c1cce1beb68336ab379e222fdd5c0e9ca0fe97ebb352a
20260412-144635,langfuse_langfuse_postgres_data,oracle-test,62b09e52c29e1e4bbac72c66f14297ebdc4f0905f095085d4d8a78e9e6c4acf2
20260412-145238,langfuse_langfuse_minio_data,oracle-test,d85ae6ea69ab21b352f643f7d34add1f03f2f11e51c9e547f8819150bcd2472e
20260412-145241,jarvis_data,oracle-test,8530a48bfa978a6ef66e31c54b3914f9548c6d9ddb26214a498187e30ae969ee
20260412-145238,langfuse_langfuse_minio_data,oracle-test,d85ae6ea69ab21b352f643f7d34add1f03f2f11e51c9e547f8819150bcd2472e
20260412-145241,jarvis_data,oracle-test,8530a48bfa978a6ef66e31c54b3914f9548c6d9ddb26214a498187e30ae969ee
20260412-152844,langfuse_langfuse_clickhouse_data_consistent,oracle-test,1cbccefba069336955b4b3720caf8b80859beda01b202762327fe78e2003ff4e
20260412-165933,n8n_n8n_data_consistent,oracle-test,87891ff3a764ccedda7e134a31cfd25fbe62784d9c62a945ed570a41f4de761b
20260412-170044,kvm2_ruptur_db_data_final,oracle-test,50bc7e4d08c3ee6af995b0350cf21db6f8b11c047a9b83da72cf784525343f7b
20260412-170044,kvm2_baileys_data_final,oracle-test,bb4c20f5730f598861641ae4b025c431a866b2c26f7ef6a1a70b1a0b9a0d3bf0
20260412-170044,jarvis_data_final,oracle-test,8530a48bfa978a6ef66e31c54b3914f9548c6d9ddb26214a498187e30ae969ee
